name,price,savings
Skyward 4 Tent,$260.93,Save 30%
Aerios 30 Pack - Women's,$141.93,Save 25%
Delta Camp Set,$21.93,Save 26%
Original Puffy Blanket - Artist Division,$107.93,Save 25%
Flash 18 Pack - Latino Outdoors Edition,$27.93,Save 30%
Pinnacle Backpacker Cookset,$81.93,Save 25%
Phantom 30 Sleeping Bag,$359.73,Save 25%
Personal Towel,,
The Deuce #2 UL Backcountry Trowel,$14.93,Save 25%
Nalgene Sustain Graphic Wide-Mouth Water Bottle - 32 fl. oz., $10.93,
Trailgate Vehicle Shelter,$73.83,Save 50%
Luci Candle Lantern,$12.73,Save 36%
Roo Double Recycled Hammock, $24.93,
Dash Chair,$44.73,Save 62%
4-Person Enamel Tableware Set,$26.73,Save 55%
Wallace Lake Sherpa Fleece Blanket,$44.93,Save 50%
Astro 250 Headlamp,$14.73,Save 26%
Luci Pro Series Inflatable Solar Lantern,$34.73,Save 30%
Trail 2 Print Waist Pack,$20.93,Save 30%
Ultra-Sil Dry Sack - Set of 3,$41.73,Save 30%
Antero +35 Sleeping Bag,$64.73,Save 46%
Honor Native Land Binocular Bundle,$89.93,Save 30%
Northwood Series II 4-Person Backpacking Tent,$112.73,Save 60%
Snap Solo Headlamp,$20.73,Save 48%
View Dry Sack,$17.73 - $19.73,Save 31%
"Hinman Self-Inflating Sleeping Pad - 78 x 50 x 4""",$155.73,Save 44%
Dirty/Clean Bag,$26.73 - $30.73,Save 31%
Armbar Slim Drive Multi-Tool,$29.73,Save 25%
Luzon 18 L Pack - Del Dia,$44.93,Save 25%
Pourigami,$21.93,Save 26%
Camp Cutlery 3-Piece Set,$3.73,Save 37%
Hand Warmers - 1 Pair,$0.93,Save 52%
Big Six Camp Chair,$107.73,Save 46%
vivoactive 5,$249.99,Save 16%
Venu 3S,$399.99,Save 11%
Forerunner 955,$399.99,Save 20%
Forerunner 255,$249.99,Save 28%
Bipod Bivy,$206.73,Save 45%
Venu 3,$399.99,Save 11%
Instinct 2X Solar,$349.99,Save 22%
Monarch M5 8 x 42 Binoculars,$259.99,Save 10%
Perimeter 50 Pack - Women's,$122.73,Save 50%
2-Burner Deluxe & Grill High-Pressure Camping Stove,$149.73,Save 46%
Monarch M5 10 x 42 Binoculars,$269.99,Save 9%
Monarch M7 10 x 42 Binocular,$449.99,Save 9%
Coffee Cup with Flex Sip Lid - 20 fl. oz.,$25.73,Save 26%
Forerunner 955 Solar,$499.99,Save 16%
Instinct 2 Solar GPS Watch,$299.99,Save 25%
Forerunner 255S,$249.99,Save 28%
Camp Creek 6 Tent,$154.73,Save 55%
Forerunner 255S Music,$299.99,Save 25%
Phantom 15 Sleeping Bag,$434.73,Save 25%
Instinct 2S Solar GPS Watch,$299.99,Save 25%
Instinct 2 GPS Watch,$199.99,Save 33%
940-1702 Osborne G10 EX Knife,$191.99,Save 20%
Instinct 2S,$199.99,Save 33%
Westwind Rocker Chair,$122.73,Save 50%
Self-Inflating 3.5 Camp Pad - Extra Large,$61.73,Save 50%
Forerunner 255 Music,$299.99,Save 25%
Big Six Armchair,$148.73,Save 40%
